1387/9/14,9248.9
1387/9/15,9248.9
1387/9/16,9178.3
1387/9/17,9130.5
1387/9/18,9089.2
1387/9/20,9023.7
1387/9/23,8973.3
1387/9/24,8907
1387/9/25,8890.7
1387/9/26,8869
1387/9/30,8857.1
1387/10/1,8851.6
1387/10/2,8832.2
1387/10/3,8803.4
1387/10/4,8795.7
1387/10/7,8786.7
1387/10/8,8757.8
1387/10/9,8726.9
1387/10/10,8695
1387/10/11,8656.3
1387/10/14,8641.8
1387/10/15,8619.6
1387/10/16,8596.4
1387/10/21,8575.7
1387/10/22,8542
1387/10/23,8519
1387/10/24,8463.7
1387/10/25,8456.9
1387/10/28,8458.1
1387/10/29,8459.9
1387/10/30,8467.4
1387/11/1,8496.9
1387/11/2,8514.3
1387/11/5,8553.7
1387/11/6,8519.1
1387/11/7,8507.3
1387/11/8,8509.1
1387/11/9,8505.6
1387/11/12,8508.3
1387/11/13,8491.8
1387/11/14,8496.2
1387/11/15,8483.4
1387/11/16,8466.4
1387/11/19,8451.3
1387/11/20,8438
1387/11/21,8423.7
1387/11/23,8430
1387/11/26,8420
1387/11/27,8412.7
1387/11/29,8390.2
1387/11/30,8376.6
1387/12/3,8355.9
1387/12/4,8297
1387/12/5,8266.2
1387/12/7,8248.9
1387/12/10,8243.2
1387/12/11,8226.8
1387/12/12,8216.1
1387/12/13,8200.9
1387/12/14,8185.3
1387/12/17,8133.5
1387/12/18,8111.2
1387/12/19,8096
1387/12/20,8126.5
1387/12/21,8130.4
1387/12/24,8120.3
1387/12/26,7977.1
1387/12/27,7972.3
1387/12/28,7966.5
1388/1/5,7965.6
1388/1/8,7965.8
1388/1/9,7955.4
1388/1/10,7970.3
1388/1/11,7988.7
1388/1/15,8001.6
1388/1/16,8006
1388/1/17,8049
1388/1/18,8077.9
1388/1/19,8111.1
1388/1/22,8153.5
1388/1/23,8175.9
1388/1/24,8203.6
1388/1/25,8252.4
1388/1/26,8251.6
1388/1/29,8290.4
1388/1/30,8348
1388/1/31,8431.2
1388/2/1,8434.9
1388/2/2,8476.4
1388/2/5,8469.1
1388/2/6,8502.6
1388/2/7,8518.1
1388/2/8,8527.8
1388/2/9,8535
1388/2/12,8548.3
1388/2/13,8584.6
1388/2/14,8638.3
1388/2/15,8699.5
1388/2/16,8774.2
1388/2/19,8872.4
1388/2/20,8930.4
1388/2/21,8989.5
1388/2/22,8968.3
1388/2/23,8932.1
1388/2/26,8888
1388/2/27,8919.4
1388/2/28,8963.8
1388/2/29,8956.3
1388/2/30,9000.8
1388/3/2,9042.1
1388/3/3,9019.5
1388/3/4,8971.1
1388/3/5,8934.6
1388/3/6,8953.7
1388/3/9,9001.3
1388/3/10,9000.6
1388/3/11,9006.3
1388/3/12,9032.3
1388/3/13,9081.7
1388/3/16,9121.3
1388/3/17,9195.1
1388/3/18,9235.5
1388/3/19,9278.5
1388/3/20,9343.3
1388/3/23,9365.4
1388/3/24,9310.3
1388/3/25,9299
1388/3/26,9271.1
1388/3/27,9247.2
1388/3/30,9247.7
1388/3/31,9258.4
1388/4/1,9251.8
1388/4/2,9340
1388/4/3,9338.6
1388/4/6,9342.6
1388/4/7,9353.7
1388/4/8,9360.1
1388/4/9,9387.6
1388/4/10,9471
1388/4/13,9470.4
1388/4/14,9452.7
1388/4/16,9457.9
1388/4/20,9438.5
1388/4/21,9415.8
1388/4/22,9352.8
1388/4/23,9374
1388/4/24,9394.6
1388/4/25,9394.6
1388/4/27,9442.2
1388/4/28,9474.5
1388/4/30,9511.1
1388/4/31,9522.2
1388/5/3,9522.9
1388/5/4,9530.3
1388/5/5,9703.7
1388/5/6,9727.1
1388/5/7,9765.6
1388/5/10,9811.2
1388/5/11,9831.2
1388/5/12,9835
1388/5/13,9861.1
1388/5/14,9904.4
1388/5/17,9999
1388/5/18,10044
1388/5/19,10114.2
1388/5/20,10139.4
1388/5/21,10194
1388/5/24,10250.8
1388/5/25,10333.2
1388/5/26,10405.4
1388/5/27,10442.5
1388/5/28,10472.4
1388/5/31,10555.4
1388/6/1,10612.2
1388/6/2,10686.1
1388/6/3,10983.6
1388/6/4,11576.9
1388/6/7,11734.4
1388/6/8,11693.5
1388/6/9,11688.3
1388/6/10,11741
1388/6/11,11747.2
1388/6/14,11678.5
1388/6/15,11634.5
1388/6/16,11589.7
1388/6/17,11639
1388/6/18,11696.5
1388/6/21,11696.5
1388/6/22,11638.4
1388/6/23,11598.7
1388/6/24,11523.6
1388/6/25,11461.1
1388/6/28,11437
1388/6/29,11437
1388/6/30,11451.8
1388/6/31,11479.8
1388/7/1,11583
1388/7/4,11620.4
1388/7/5,11588.2
1388/7/6,11559.1
1388/7/7,11555
1388/7/8,11535.8
1388/7/11,11657.3
1388/7/12,11717.3
1388/7/13,11738.2
1388/7/14,11792.8
1388/7/15,11891.1
1388/7/18,11957.9
1388/7/19,11925.4
1388/7/20,11912.3
1388/7/21,11918.3
1388/7/25,11917.8
1388/7/26,11914.1
1388/7/27,11976.4
1388/7/28,12077.3
1388/7/29,12176.3
1388/8/2,12242.8
1388/8/3,12325.8
1388/8/4,12342.6
1388/8/5,12345.1
1388/8/6,12408.4
1388/8/9,12482.4
1388/8/10,12545
1388/8/11,12529.5
1388/8/12,12483.6
1388/8/13,12506
1388/8/16,12576.9
1388/8/17,12565.9
1388/8/18,12581.5
1388/8/19,12426.1
1388/8/20,12381.4
1388/8/23,12403.1
1388/8/24,12361.7
1388/8/25,12325.4
1388/8/26,12241.9
1388/8/27,12176.4
1388/8/30,12086.7
1388/9/1,12003
1388/9/2,11996.3
1388/9/3,12072.6
1388/9/4,12113.4
1388/9/8,12027.6
1388/9/9,11964.9
1388/9/10,11928.9
1388/9/11,11914.6
1388/9/14,11905
1388/9/16,11944.5
1388/9/17,11909.6
1388/9/18,11836.3
1388/9/21,11753.1
1388/9/22,11677.4
1388/9/23,11629.1
1388/9/24,11362.5
1388/9/25,11265.3
1388/9/28,11209.6
1388/9/29,11255.7
1388/9/30,11274.9
1388/10/1,11234.6
1388/10/2,11221.3
1388/10/7,11196.9
1388/10/8,11178.5
1388/10/9,11207.5
1388/10/12,11295.2
1388/10/13,11351.1
1388/10/14,11305.1
1388/10/15,11307.4
1388/10/16,11375.4
1388/10/19,11449.6
1388/10/20,11592.3
1388/10/21,11656.8
1388/10/22,11646.2
1388/10/23,11599.9
1388/10/26,11614.9
1388/10/27,11620.7
1388/10/28,11584
1388/10/29,11569.2
1388/10/30,11569.2
1388/11/3,11617.8
1388/11/4,11684.9
1388/11/5,11705.1
1388/11/6,11752.5
1388/11/7,11802.9
1388/11/10,11750.1
1388/11/11,11724.7
1388/11/12,11709.6
1388/11/13,11721.3
1388/11/14,11751.7
1388/11/17,11715.5
1388/11/18,11686.3
1388/11/19,11666.8
1388/11/20,11660.7
1388/11/21,11694.1
1388/11/25,11760
1388/11/27,11789.7
1388/11/28,11774.2
1388/12/1,11819
1388/12/2,11929
1388/12/3,12008.6
1388/12/4,12010.2
1388/12/5,11993.2
1388/12/8,11963.5
1388/12/9,12009
1388/12/10,12048.9
1388/12/11,12111.1
1388/12/12,12133.4
1388/12/15,12221.3
1388/12/16,12248.9
1388/12/17,12307.2
1388/12/18,12429.1
1388/12/19,12446.8
1388/12/22,12440.5
1388/12/23,12549.1
1388/12/24,12533.6
1388/12/25,12499.7
1388/12/26,12536.7
1389/1/7,12613.9
1389/1/8,12732.1
1389/1/9,12823.9
1389/1/10,12867
1389/1/11,12945
1389/1/14,13135.7
1389/1/15,13320.1
1389/1/16,13317
1389/1/17,13476.5
1389/1/18,13681.2
1389/1/21,13754
1389/1/22,13802.6
1389/1/23,13832.8
1389/1/24,13904
1389/1/25,13903.4
1389/1/28,13815.7
1389/1/29,13935
1389/1/30,14138.3
1389/1/31,14185.7
1389/2/1,14129.2
1389/2/4,14079.9
1389/2/5,14053.3
1389/2/6,14129
1389/2/7,14139.4
1389/2/8,14012.5
1389/2/11,14136.7
1389/2/12,14085.9
1389/2/13,14012.6
1389/2/14,14036.7
1389/2/15,13944.8
1389/2/18,13920.5
1389/2/19,14014.3
1389/2/20,14099.5
1389/2/21,14131.7
1389/2/22,14105.3
1389/2/25,14096.1
1389/2/26,14138.8
1389/2/28,14156.7
1389/2/29,14155.6
1389/3/1,14117.2
1389/3/2,14080.5
1389/3/3,14115.5
1389/3/4,14184.3
1389/3/5,14153.8
1389/3/8,14119.9
1389/3/9,14087.6
1389/3/10,14038.3
1389/3/11,14109
1389/3/12,14182.4
1389/3/16,14164.7
1389/3/17,14135.3
1389/3/18,14148.8
1389/3/19,14055.1
1389/3/22,14114.9
1389/3/23,14180.3
1389/3/24,14288.5
1389/3/25,14394.2
1389/3/26,14372
1389/3/29,14340.6
1389/3/30,14280.9
1389/3/31,14257
1389/4/1,14350.6
1389/4/2,14489.4
1389/4/6,14503
1389/4/7,14500.9
1389/4/8,14545.3
1389/4/9,14552.3
1389/4/12,14561.1
1389/4/13,14504.2
1389/4/14,14553.2
1389/4/15,14571.6
1389/4/16,14718.8
1389/4/20,14883.4
1389/4/21,14981.5
1389/4/22,15005.9
1389/4/23,15080.4
1389/4/26,15118
1389/4/27,15189
1389/4/28,15244.8
1389/4/29,15344.6
1389/4/30,15360.7
1389/5/2,15455.4
1389/5/3,15660.9
1389/5/4,15746.5
1389/5/6,15794.1
1389/5/9,15840.5
1389/5/10,15870
1389/5/11,16078.1
1389/5/12,16281.7
1389/5/13,16317.9
1389/5/16,16606.1
1389/5/17,16625.9
1389/5/18,16674.4
1389/5/19,16841.4
1389/5/20,16995.1
1389/5/23,16864.6
1389/5/24,16701.1
1389/5/25,16766.9
1389/5/26,16910.8
1389/5/27,17009.6
1389/5/30,16974.6
1389/5/31,16957.6
1389/6/1,17116.7
1389/6/2,17152.7
1389/6/3,17233.1
1389/6/6,17401
1389/6/7,17767.8
1389/6/8,17938
1389/6/9,17955.7
1389/6/13,18315.8
1389/6/14,18636.1
1389/6/15,18648.2
1389/6/16,18458.9
1389/6/17,18429.6
1389/6/21,18533.4
1389/6/22,18533.7
1389/6/23,18543.1
1389/6/24,18555.7
1389/6/27,18657.7
1389/6/28,18487.6
1389/6/29,18303.3
1389/6/30,18413
1389/6/31,18548.6
1389/7/3,18673.3
1389/7/4,18527.8
1389/7/5,18405.6
1389/7/6,18535.3
1389/7/7,18671.3
1389/7/10,18790.4
1389/7/11,18762.4
1389/7/13,18749.9
1389/7/14,18871.8
1389/7/17,18937.7
1389/7/18,18642
1389/7/19,18564
1389/7/20,18283
1389/7/21,17902.5
1389/7/24,17973.1
1389/7/25,18111.1
1389/7/26,18343.8
1389/7/27,18292.9
1389/7/28,18229.5
1389/8/1,18324.6
1389/8/2,18163.7
1389/8/3,18035.9
1389/8/4,18006.1
1389/8/5,17956.4
1389/8/8,18034.9
1389/8/9,18011
1389/8/10,17972.9
1389/8/11,17960.5
1389/8/12,17976.7
1389/8/15,18089.8
1389/8/16,18015.9
1389/8/17,17969.5
1389/8/18,18038.5
1389/8/19,18113.4
1389/8/22,18044.3
1389/8/23,18042.1
1389/8/24,18035.6
1389/8/25,18021
1389/8/29,18062.5
1389/8/30,18133.7
1389/9/1,18257.8
1389/9/2,18226.6
1389/9/3,18289.2
1389/9/6,18427.7
1389/9/7,18404.5
1389/9/8,18284.7
1389/9/9,18242.6
1389/9/10,18280
1389/9/13,18292.4
1389/9/14,18319.3
1389/9/15,18291.9
1389/9/16,18317.3
1389/9/17,18371.2
1389/9/20,18460.3
1389/9/21,18443.7
1389/9/22,18414.7
1389/9/23,18414.3
1389/9/27,18366.4
1389/9/28,18203.4
1389/9/29,18249.7
1389/9/30,18353.1
1389/10/1,18398.9
1389/10/4,18585.8
1389/10/5,18723.1
1389/10/6,18689
1389/10/7,18771.4
1389/10/8,18855.2
1389/10/11,18849.1
1389/10/12,18898.1
1389/10/13,19021
1389/10/14,19200.4
1389/10/15,19361.5
1389/10/18,19451.5
1389/10/19,19699.9
1389/10/20,19690.9
1389/10/21,19778.6
1389/10/22,19759.1
1389/10/25,19705.3
1389/10/26,19830.6
1389/10/27,19904.7
1389/10/28,19937.9
1389/10/29,20206.6
1389/11/2,20352.7
1389/11/3,20416
1389/11/4,20462.6
1389/11/6,20684.8
1389/11/9,20905.9
1389/11/10,20877.6
1389/11/11,20997.1
1389/11/12,21349.4
1389/11/16,21810.7
1389/11/17,21840
1389/11/18,21944.4
1389/11/19,21867.4
1389/11/20,21929
1389/11/23,22000.5
1389/11/24,22136.5
1389/11/25,22260.4
1389/11/26,22270.4
1389/11/27,22188.3
1389/11/30,22090.3
1389/12/1,21762.2
1389/12/3,21739.4
1389/12/4,21749.5
1389/12/7,21867.9
1389/12/8,21900.5
1389/12/9,21663.3
1389/12/10,21472.9
1389/12/11,21694
1389/12/14,21843.2
1389/12/15,21929.3
1389/12/16,21891.8
1389/12/17,22033.2
1389/12/18,22062.6
1389/12/21,21895.2
1389/12/22,22008.8
1389/12/23,22236.9
1389/12/24,22455.7
1389/12/25,22803.8
1389/12/28,23294.9
1390/1/6,23756.3
1390/1/7,24199.8
1390/1/8,24287.8
1390/1/9,24486.6
1390/1/10,24486
1390/1/14,24543.6
1390/1/15,25023.3
1390/1/16,25550.4
1390/1/17,25885.1
1390/1/20,26222.7
1390/1/21,26002.6
1390/1/22,26145.2
1390/1/23,26412.7
1390/1/24,26541.9
1390/1/27,26675.9
1390/1/28,26446.6
1390/1/29,26429.2
1390/1/30,26215.4
1390/1/31,26481.5
1390/2/3,26610.1
1390/2/4,26539.7
1390/2/5,26261.5
1390/2/6,26273.6
1390/2/7,25781.8
1390/2/10,25321.7
1390/2/11,24685.3
1390/2/12,25037.7
1390/2/13,25211.2
1390/2/14,25520.2
1390/2/18,25366.6
1390/2/19,25752.7
1390/2/20,26041.7
1390/2/21,26002.8
1390/2/24,26033.6
1390/2/25,25908.5
1390/2/26,25759.7
1390/2/27,25773.4
1390/2/28,25940.8
1390/2/31,26155.6
1390/3/1,26055.5
1390/3/2,26059.8
1390/3/3,25861.9
1390/3/4,25290.7
1390/3/7,25043.4
1390/3/8,24600.6
1390/3/9,24865.3
1390/3/10,25120.9
1390/3/16,25291.8
1390/3/17,25123.1
1390/3/18,25286.5
1390/3/21,25245.1
1390/3/22,25121.7
1390/3/23,25237.5
1390/3/24,25043.3
1390/3/25,24854.8
1390/3/28,25187.4
1390/3/29,25214.1
1390/3/30,25120.9
1390/3/31,25181.6
1390/4/1,25126.1
1390/4/4,25023.5
1390/4/5,24674.9
1390/4/6,24148.6
1390/4/7,24180.5
1390/4/8,24503.5
1390/4/11,24742.2
1390/4/12,24742.7
1390/4/13,24698.3
1390/4/14,24816.6
1390/4/15,24801.1
1390/4/18,24716.9
1390/4/19,24541.1
1390/4/20,24503.8
1390/4/21,24387.1
1390/4/22,24286.7
1390/4/25,24348.9
1390/4/27,24460.7
1390/4/28,24494.6
1390/4/29,24602
1390/5/1,24809.6
1390/5/2,25181.7
1390/5/3,25325.4
1390/5/4,25434.6
1390/5/5,25471.8
1390/5/8,25297.8
1390/5/9,25110.8
1390/5/10,25270
1390/5/11,25284.5
1390/5/12,25316.3
1390/5/15,25008.1
1390/5/16,24923.6
1390/5/17,24970.8
1390/5/18,24596.7
1390/5/19,24875.8
1390/5/22,24997
1390/5/23,25092.8
1390/5/24,25059.3
1390/5/25,25090.5
1390/5/26,25237.6
1390/5/29,25231.6
1390/5/30,25217
1390/6/1,25389.3
1390/6/2,25475.7
1390/6/5,25555.6
1390/6/6,25475.1
1390/6/7,25621.7
1390/6/8,25822
1390/6/12,26083.4
1390/6/13,26254.6
1390/6/14,26360.8
1390/6/15,26714.7
1390/6/16,26930.2
1390/6/19,27098.4
1390/6/20,27099.9
1390/6/21,27058.9
1390/6/22,26933.1
1390/6/23,26836.3
1390/6/26,26855
1390/6/27,26885
1390/6/28,26866.9
1390/6/29,26847.4
1390/6/30,26962.2
1390/7/3,26764.8
1390/7/4,26571.9
1390/7/5,26692.9
1390/7/6,26792.7
1390/7/9,26708.2
1390/7/10,26672.7
1390/7/11,26663.6
1390/7/12,26756.3
1390/7/13,26863.5
1390/7/16,26912.8
1390/7/17,26868.8
1390/7/18,26819.4
1390/7/19,26903
1390/7/20,26844.2
1390/7/23,26668.3
1390/7/24,26291.2
1390/7/25,26159.4
1390/7/26,26158.8
1390/7/27,26207.7
1390/7/30,26150.8
1390/8/1,26049.6
1390/8/2,25875
1390/8/3,25924.8
1390/8/4,25915.4
1390/8/7,25953.3
1390/8/8,25911.3
1390/8/9,25910
1390/8/10,25924.9
1390/8/11,26001.5
1390/8/14,25874.2
1390/8/15,25589.5
1390/8/17,25328.6
1390/8/18,25394.2
1390/8/21,25462.7
1390/8/22,25372.6
1390/8/23,25366.6
1390/8/25,25366.4
1390/8/28,25366.7
1390/8/29,25298.3
1390/8/30,25207.2
1390/9/1,24881
1390/9/2,24568.2
1390/9/5,24468.2
1390/9/6,24056.4
1390/9/7,23977.7
1390/9/8,24089.2
1390/9/9,24016.5
1390/9/12,24116.6
1390/9/13,24356.9
1390/9/16,24662.6
1390/9/19,24688.2
1390/9/20,24546.3
1390/9/21,24554.9
1390/9/22,24618.1
1390/9/23,24590.7
1390/9/26,24528.3
1390/9/27,24604
1390/9/28,24638.2
1390/9/29,24588.5
1390/9/30,24494
1390/10/3,24456.7
1390/10/4,24455.1
1390/10/5,24377.3
1390/10/6,24327.2
1390/10/7,24320.8
1390/10/10,24403.1
1390/10/11,24400.9
1390/10/12,24323.7
1390/10/13,24507
1390/10/14,24839.1
1390/10/17,24887.9
1390/10/18,24854.9
1390/10/19,25082.7
1390/10/20,25207.4
1390/10/21,25440.3
1390/10/25,25755.3
1390/10/26,25903.4
1390/10/27,25692.8
1390/10/28,25811.2
1390/11/1,25772.3
1390/11/3,25620.7
1390/11/5,25540.5
1390/11/8,25723
1390/11/9,25931.3
1390/11/10,25912.9
1390/11/11,25913.8
1390/11/12,25878.2
1390/11/15,25907
1390/11/16,25717.6
1390/11/17,25579.8
1390/11/18,25436.6
1390/11/19,25371.7
1390/11/23,25320.7
1390/11/24,25279.8
1390/11/25,24946.4
1390/11/26,24829.3
1390/11/29,24848.9
1390/11/30,24878.3
1390/12/1,24923.2
1390/12/2,25035.2
1390/12/3,25012.6
1390/12/6,24936.1
1390/12/7,24976.9
1390/12/8,25098.4
1390/12/9,25244.4
1390/12/10,25354.5
1390/12/13,25365.5
1390/12/14,25417.9
1390/12/15,25320.1
1390/12/16,25307.9
1390/12/17,25400.2
1390/12/20,25457.6
1390/12/21,25491.1
1390/12/22,25300
1390/12/23,25265.3
1390/12/24,25481.5
1390/12/27,25607.2
1390/12/28,25905.6
1391/1/5,26280.5
1391/1/6,26502.3
1391/1/7,26408.7
1391/1/8,26533
1391/1/9,26576.2
1391/1/14,26484.8
1391/1/15,26327
1391/1/16,26300.3
1391/1/19,26383.4
1391/1/20,26491.8
1391/1/21,26482.6
1391/1/22,26664.1
1391/1/23,26757.8
1391/1/26,26896.8
1391/1/27,27281.2
1391/1/28,27245.6
1391/1/29,27185.6
1391/1/30,27259.9
1391/2/2,27211.7
1391/2/3,27169.3
1391/2/4,27085.3
1391/2/5,27129.9
1391/2/9,27010.1
1391/2/10,26953.8
1391/2/11,26960
1391/2/12,26969.8
1391/2/13,26964.8
1391/2/16,26935.7
1391/2/17,26932.2
1391/2/18,26886.3
1391/2/19,26870.5
1391/2/20,26871.9
1391/2/23,26743.8
1391/2/24,26658
1391/2/25,26715.2
1391/2/26,26677.3
1391/2/27,26652.6
1391/2/30,26652.1
1391/2/31,26667.7
1391/3/1,26845.8
1391/3/2,26912.7
1391/3/3,27091.2
1391/3/6,26909.5
1391/3/7,26905
1391/3/8,26848.7
1391/3/9,26803.6
1391/3/10,26755.9
1391/3/13,26735.4
1391/3/16,26693
1391/3/17,26635.6
1391/3/20,26365.2
1391/3/21,26264.8
1391/3/22,26411.8
1391/3/23,26440.5
1391/3/24,26439.1
1391/3/27,26406.7
1391/3/28,26325.5
1391/3/30,26291.8
1391/3/31,26165.9
1391/4/3,25938.1
1391/4/4,25681.1
1391/4/5,25558.4
1391/4/6,25325
1391/4/7,25054.6
1391/4/10,25170.7
1391/4/11,25227.2
1391/4/12,25345.5
1391/4/13,25438
1391/4/14,25428.5
1391/4/17,25445.5
1391/4/18,25354.3
1391/4/19,25279.2
1391/4/20,25307.5
1391/4/21,25388.1
1391/4/24,25431.5
1391/4/25,25296.1
1391/4/26,25159.7
1391/4/27,25021.3
1391/4/28,25039.2
1391/4/31,25021.2
1391/5/1,24996
1391/5/2,25029.5
1391/5/3,25094.3
1391/5/4,25088.8
1391/5/7,25023.3
1391/5/8,24747.4
1391/5/9,24550.4
1391/5/10,24584
1391/5/11,24546.7
1391/5/14,24332.6
1391/5/15,24108.5
1391/5/16,24001
1391/5/17,23855.1
1391/5/18,23787.3
1391/5/21,23957.2
1391/5/22,24024.2
1391/5/23,24049.7
1391/5/24,24102.1
1391/5/25,24125.3
1391/5/28,24144.7
1391/5/31,24279.1
1391/6/1,24339.2
1391/6/4,24523.2
1391/6/5,24586.5
1391/6/6,24649
1391/6/12,24730.1
1391/6/13,25055
1391/6/14,25384
1391/6/15,25659.9
1391/6/18,25791.9
1391/6/19,25569.2
1391/6/20,25735.1
1391/6/21,25889.2
1391/6/25,26283.7
1391/6/26,26217.2
1391/6/27,26470.6
1391/6/28,26556.9
1391/6/29,26514.5
1391/7/1,26875.3
1391/7/2,27127.1
1391/7/3,27080.7
1391/7/4,27440.1
1391/7/5,28132.2
1391/7/8,28828.7
1391/7/9,29207.1
1391/7/10,28788.8
1391/7/11,28667.1
1391/7/12,29098.5
1391/7/15,28862.9
1391/7/16,28858.6
1391/7/17,29014.1
1391/7/18,29032.5
1391/7/19,28845.7
1391/7/22,28557.9
1391/7/23,28656.1
1391/7/24,28981.3
1391/7/25,29248.2
1391/7/26,29502
1391/7/29,29992.6
1391/7/30,30211.4
1391/8/1,30671.6
1391/8/2,30615.7
1391/8/3,30749.3
1391/8/6,31121.7
1391/8/7,31160.1
1391/8/8,31221.5
1391/8/9,31331.6
1391/8/10,31082.4
1391/8/14,31205.2
1391/8/15,30736.6
1391/8/16,30940.3
1391/8/17,31282.9
1391/8/20,31220.1
1391/8/21,31015.6
1391/8/22,30978.8
1391/8/23,31215
1391/8/24,31336.4
1391/8/27,31260.3
1391/8/28,31271.2
1391/8/29,31096.5
1391/8/30,31140.9
1391/9/1,31259.5
1391/9/6,31608.9
1391/9/7,32018.1
1391/9/8,32339.5
1391/9/11,32741.5
1391/9/12,33113.5
1391/9/13,33015.7
1391/9/14,33073.4
1391/9/15,33282
1391/9/18,33659.9
1391/9/19,33612.6
1391/9/20,33760.8
1391/9/21,33889.4
1391/9/22,33687
1391/9/25,33949.3
1391/9/26,34090.9
1391/9/27,34669.5
1391/9/28,35106.2
1391/9/29,35760.3
1391/10/2,36040.5
1391/10/3,36829.3
1391/10/4,37530.7
1391/10/5,37366.4
1391/10/6,37798.8
1391/10/9,37622.4
1391/10/10,37116.3
1391/10/11,37860.6
1391/10/12,37987
1391/10/13,37648.5
1391/10/17,37059
1391/10/18,37077
1391/10/19,37314.9
1391/10/20,37441.5
1391/10/24,37786.2
1391/10/25,38082.8
1391/10/26,38322.5
1391/10/27,38343.6
1391/10/30,37898.8
1391/11/1,37627.5
1391/11/2,37284
1391/11/3,36594
1391/11/4,37233.7
1391/11/7,37409.4
1391/11/8,36723.3
1391/11/9,36674.7
1391/11/11,36554.9
1391/11/14,36801.4
1391/11/15,36761.1
1391/11/16,36447
1391/11/17,36505.6
1391/11/18,36913.3
1391/11/21,38205.4
1391/11/23,38394.3
1391/11/24,38640.1
1391/11/25,38611.4
1391/11/28,38655
1391/11/29,38710.3
1391/11/30,38739.4
1391/12/1,38550.8
1391/12/2,38479.2
1391/12/5,38325.8
1391/12/6,37931.1
1391/12/7,37350.6
1391/12/8,37573.7
1391/12/9,37811.6
1391/12/12,37437.2
1391/12/13,37156.1
1391/12/14,37135.9
1391/12/15,36950.6
1391/12/16,36925.1
1391/12/19,36585.5
1391/12/20,37101
1391/12/21,37193.6
1391/12/22,37268.4
1391/12/23,37998.7
1391/12/26,37854.8
1391/12/27,37516.1
1391/12/28,38040.8
1392/1/5,38602.6
1392/1/6,39351.1
1392/1/7,39741.8
1392/1/10,39714.9
1392/1/11,39990.2
1392/1/14,40151.1
1392/1/17,40134.3
1392/1/18,39915.6
1392/1/19,40068
1392/1/20,40606.6
1392/1/21,40533
1392/1/24,40255.1
1392/1/26,40621
1392/1/27,40834.9
1392/1/28,40747.6
1392/1/31,40550.8
1392/2/1,40506
1392/2/2,41133
1392/2/3,41583.8
1392/2/4,42052.4
1392/2/7,42334.2
1392/2/8,42507.7
1392/2/9,43192.3
1392/2/10,43994.3
1392/2/11,44537.1
1392/2/14,44993.5
1392/2/15,44897.9
1392/2/16,44943.7
1392/2/17,44707.4
1392/2/18,44683.9
1392/2/21,45091.4
1392/2/22,45512.7
1392/2/23,44963.3
1392/2/24,44129
1392/2/25,43864.3
1392/2/28,43301
1392/2/29,42795.5
1392/2/30,43047.3
1392/2/31,42855.7
1392/3/1,42777.2
1392/3/4,43485.2
1392/3/5,43910.7
1392/3/6,44107.4
1392/3/7,44470.7
1392/3/8,45162.2
1392/3/11,44945.1
1392/3/12,45247.8
1392/3/13,45590
1392/3/18,45488.2
1392/3/19,45199.1
1392/3/20,45206.5
1392/3/21,45553.4
1392/3/22,45671.9
1392/3/25,46623
1392/3/26,47817.9
1392/3/27,48333.3
1392/3/28,48783
1392/3/29,48916.7
1392/4/1,48539.3
1392/4/2,48631.1
1392/4/4,48634
1392/4/5,49427.4
1392/4/8,50471.1
1392/4/9,51321.3
1392/4/10,52244.1
1392/4/11,51846.3
1392/4/12,52735.2
1392/4/15,54289.7
1392/4/16,54768.6
1392/4/17,54616
1392/4/18,54534.2
1392/4/19,55069.7
1392/4/22,54744
1392/4/23,54298.7
1392/4/24,54509.3
1392/4/25,54235.9
1392/4/26,54433.6
1392/4/29,54872.3
1392/4/30,55101
1392/4/31,55329.3
1392/5/1,55942.4
1392/5/2,56426.3
1392/5/5,56290.3
1392/5/6,56551.9
1392/5/7,56400.2
1392/5/9,57168.2
1392/5/12,57397.2
1392/5/13,57264.4
1392/5/14,57415.9
1392/5/15,57674.8
1392/5/16,58142.6
1392/5/20,58889.9
1392/5/21,59608.5
1392/5/22,59754.8
1392/5/23,59610.2
1392/5/26,60410.3
1392/5/27,59938.6
1392/5/28,60052.2
1392/5/29,59568
1392/5/30,59281.6
1392/6/2,59552.8
1392/6/3,61163.5
1392/6/4,60675.7
1392/6/5,60002.4
1392/6/6,58727.3
1392/6/9,58561
1392/6/10,59057
1392/6/12,58962.9
1392/6/13,58146.1
1392/6/16,57491.6
1392/6/17,57198.1
1392/6/18,57035.4
1392/6/19,58190.4
1392/6/20,59164.6
1392/6/23,59117.4
1392/6/24,59401.5
1392/6/25,59347.7
1392/6/26,60056.4
1392/6/27,60964.1
1392/6/30,62053.2
1392/6/31,61707.2
1392/7/1,62904.8
1392/7/2,63010.2
1392/7/3,63455.3
1392/7/6,64695.4
1392/7/7,65328.8
1392/7/8,65720
1392/7/9,66350
1392/7/10,66506.3
1392/7/13,66662.5
1392/7/14,66997.7
1392/7/15,67019
1392/7/16,67505.3
1392/7/17,68461.5
1392/7/20,69703.5
1392/7/21,70951.5
1392/7/22,71471.8
1392/7/23,72766.5
1392/7/27,74400.2
1392/7/28,73335.6
1392/7/29,73636.1
1392/7/30,72997.7
1392/8/1,73030.7
1392/8/4,73549.8
1392/8/5,72201
1392/8/6,72215
1392/8/7,73167.4
1392/8/8,73553.2
1392/8/11,73504.8
1392/8/12,73766.2
1392/8/13,73733.6
1392/8/14,74438.1
1392/8/15,75868.9
1392/8/18,76959.9
1392/8/19,77118.9
1392/8/20,76895.9
1392/8/21,76932.9
1392/8/25,77673
1392/8/26,77214.2
1392/8/27,77328.1
1392/8/28,78142
1392/8/29,78424.1
1392/9/2,78874.5
1392/9/3,80022.2
1392/9/4,81186.8
1392/9/5,81549.5
1392/9/6,82129.8
1392/9/9,83572.5
1392/9/10,84384.9
1392/9/11,83706.5
1392/9/12,83775.6
1392/9/13,84211.4
1392/9/16,84659.4
1392/9/17,85149.9
1392/9/18,85310.4
1392/9/19,85962.2
1392/9/20,86511.2
1392/9/23,85691.1
1392/9/24,87024.1
1392/9/25,88112.5
1392/9/26,87646.1
1392/9/27,87726.2
1392/9/30,86957.1
1392/10/1,87015.5
1392/10/3,88113.7
1392/10/4,88190.7
1392/10/7,87691.7
1392/10/8,87425.2
1392/10/9,87451.9
1392/10/11,88313.4
1392/10/14,88926.7
1392/10/15,89500.6
1392/10/16,89355.7
1392/10/17,88749.3
1392/10/18,88069
1392/10/21,87792.7
1392/10/22,85404.1
1392/10/23,87112.9
1392/10/24,87102.6
1392/10/25,85700.6
1392/10/28,84973.2
1392/10/30,83641.5
1392/11/1,83252.4
1392/11/2,82028.8
1392/11/5,82670.3
1392/11/6,81905.6
1392/11/7,80861.4
1392/11/8,81644.4
1392/11/9,82797.7
1392/11/12,84164.7
1392/11/13,83606.5
1392/11/14,83165
1392/11/15,83170.6
1392/11/16,82214.3
1392/11/19,81066.8
1392/11/20,80949.5
1392/11/21,80240.3
1392/11/23,79136.6
1392/11/26,79153.1
1392/11/27,79769.2
1392/11/28,80603
1392/11/29,80435.7
1392/11/30,80986.5
1392/12/3,81325
1392/12/4,81281.6
1392/12/5,80849.8
1392/12/6,80087.4
1392/12/7,79785.5
1392/12/10,80105
1392/12/11,79584.1
1392/12/12,78518.8
1392/12/13,78072.6
1392/12/14,78447.2
1392/12/17,78231
1392/12/18,77515.6
1392/12/19,77219.5
1392/12/20,76582.7
1392/12/21,76583.4
1392/12/24,77191.3
1392/12/25,77816.2
1392/12/26,78430.8
1392/12/27,78968.1
1392/12/28,79015.4
1393/1/5,79013.5
1393/1/6,78619.4
1393/1/9,78239.7
1393/1/10,78469.2
1393/1/11,78741.3
1393/1/16,78547.7
1393/1/17,77634.7
1393/1/18,77418.6
1393/1/19,77817.5
1393/1/20,77423.9
1393/1/23,76501.8
1393/1/24,74920.7
1393/1/25,73973.4
1393/1/26,73847.6
1393/1/27,74161.2
1393/1/30,73637.8
1393/1/31,74160
1393/2/1,75035.3
1393/2/2,75735.2
1393/2/3,75980.5
1393/2/6,77404.1
1393/2/7,77923.6
1393/2/8,78131.1
1393/2/9,78151.3
1393/2/10,78164.3
1393/2/13,77939
1393/2/14,77569.2
1393/2/15,77763.8
1393/2/16,77717.3
1393/2/17,77752.4
1393/2/20,77931
1393/2/21,77734.2
1393/2/22,77596.4
1393/2/24,77610.2
1393/2/27,76901.8
1393/2/28,76987.5
1393/2/29,76528.9
1393/2/30,76634.4
1393/2/31,76767.6
1393/3/3,76703.9
1393/3/4,76394.2
1393/3/5,76212
1393/3/7,76067.8
1393/3/10,75687.1
1393/3/11,74543.4
1393/3/12,74735.9
1393/3/13,75102.8
1393/3/17,75329.5
1393/3/18,75353.5
1393/3/19,75240.5
1393/3/20,74836.7
1393/3/21,74499.1
1393/3/24,73516
1393/3/25,72631.8
1393/3/26,72748.8
1393/3/27,72638
1393/3/28,72873.1
1393/3/31,72969
1393/4/1,72900.8
1393/4/2,72544.9
1393/4/3,72344.4
1393/4/4,72249.9
1393/4/7,71662
1393/4/8,70970.3
1393/4/9,70341.5
1393/4/10,70423
1393/4/11,70876.6
1393/4/14,72162.2
1393/4/15,71960.2
1393/4/16,71916.6
1393/4/17,73025
1393/4/18,73416.4
1393/4/21,73555.9
1393/4/22,73226.2
1393/4/23,73347.4
1393/4/24,73457.9
1393/4/25,73754.2
1393/4/29,73750.2
1393/4/30,73890.5
1393/4/31,74526.1
1393/5/1,74841.6
1393/5/4,74840.3
1393/5/5,74848
1393/5/6,74997.6
1393/5/11,74841
1393/5/12,74637.4
1393/5/13,74709.2
1393/5/14,74697.5
1393/5/15,74613.8
1393/5/18,74398.6
1393/5/19,74398.9
1393/5/20,74547.5
1393/5/21,74455.1
1393/5/22,74363
1393/5/25,74051
1393/5/26,73952.6
1393/5/27,73906.8
1393/5/28,73902.6
1393/5/29,73905.7
1393/6/1,73868
1393/6/2,73529.5
1393/6/3,73499.9
1393/6/4,73540.9
1393/6/5,73312.2
1393/6/8,72941.8
1393/6/9,72778.4
1393/6/10,72339.8
1393/6/11,72232.4
1393/6/12,72121.5
1393/6/15,71822.4
1393/6/16,71665.4
1393/6/17,71815.2
1393/6/18,71930.1
1393/6/19,71925.4
1393/6/22,71486
1393/6/23,71386.7
1393/6/24,71402.3
1393/6/25,71408.3
1393/6/26,71443.6
1393/6/29,71445
1393/6/30,71545.3
1393/6/31,71685.8
1393/7/1,71726.5
1393/7/2,71788.1
1393/7/5,71702.2
1393/7/6,71643.7
1393/7/7,71675.2
1393/7/8,71664
1393/7/9,71640.5
1393/7/12,71670.1
1393/7/14,71821.5
1393/7/15,71718.9
1393/7/16,71783.7
1393/7/19,71771.7
1393/7/20,71791.5
1393/7/22,71893.1
1393/7/23,71978.6
1393/7/26,72016.5
1393/7/27,72281
1393/7/28,73550.4
1393/7/29,74109.1
1393/7/30,74132.8
1393/8/3,74152
1393/8/4,73940.8
1393/8/5,73958.9
1393/8/6,73967.8
1393/8/7,74151.1
1393/8/10,75028
1393/8/11,75368.6
1393/8/14,76166.6
1393/8/17,76420.5
1393/8/18,76553.4
1393/8/19,76560.8
1393/8/20,76708
1393/8/21,76589.4
1393/8/24,75946.5
1393/8/25,75930.8
1393/8/26,75965.9
1393/8/27,75409.4
1393/8/28,75248.4
1393/9/1,75042.6
1393/9/2,75389.6
1393/9/3,75949
1393/9/4,74740.9
1393/9/5,74076.1
1393/9/8,73245.1
1393/9/9,72189.5
1393/9/10,72120.7
1393/9/11,72258.5
1393/9/12,71860.2
1393/9/15,71712
1393/9/16,71170
1393/9/17,71376.6
1393/9/18,71381.7
1393/9/19,71043
1393/9/23,70291.6
1393/9/24,69542.6
1393/9/25,69608.6
1393/9/26,69494.8
1393/9/29,69537.5
1393/10/1,70094.4
1393/10/3,70153.5
1393/10/6,69705
1393/10/7,69625.5
1393/10/8,69424
1393/10/9,69254.5
1393/10/10,68973.1
1393/10/13,68829.9
1393/10/14,68650.6
1393/10/15,68232.1
1393/10/16,67471
1393/10/17,66902
1393/10/20,66197.9
1393/10/21,65512.8
1393/10/22,66000.1
1393/10/23,65929.1
1393/10/24,65939.1
1393/10/27,66273.3
1393/10/28,66319.2
1393/10/29,65835
1393/10/30,65564.7
1393/11/1,65028.9
1393/11/4,65029.1
1393/11/5,65105
1393/11/6,65114.1
1393/11/7,65127.7
1393/11/8,65256.1
1393/11/11,65542.8
1393/11/12,65544.7
1393/11/13,65555.9
1393/11/14,65597.4
1393/11/15,65771.6
1393/11/18,65787.2
1393/11/19,65366.3
1393/11/20,64917.5
1393/11/21,64840.9
1393/11/25,64932.1
1393/11/26,64926.8
1393/11/27,64993.6
1393/11/28,64811.2
1393/11/29,64720
1393/12/2,64867.1
1393/12/3,64719.9
1393/12/4,64678.4
1393/12/5,64525.8
1393/12/6,64051.7
1393/12/9,63950.9
1393/12/10,63860.1
1393/12/11,63954.8
1393/12/12,63996
1393/12/13,64014.9
1393/12/16,63911.1
1393/12/17,63806.7
1393/12/18,63846.7
1393/12/19,63852.8
1393/12/20,64070.7
1393/12/23,64610.3
1393/12/24,64980.6
1393/12/25,65122.8
1393/12/26,61532.9
1393/12/27,62531.8
1394/1/5,62885
1394/1/8,63625.5
1394/1/9,65099.9
1394/1/10,65175.1
1394/1/11,65728
1394/1/15,67827
1394/1/16,70261.7
1394/1/17,70843.9
1394/1/18,70159.9
1394/1/19,70684.7
1394/1/22,70022.8
1394/1/23,68783.9
1394/1/24,68454.1
1394/1/25,68465.3
1394/1/26,68078.8
1394/1/29,67374
1394/1/30,67378.8
1394/1/31,67016.7
1394/2/1,66828.6
1394/2/2,66569.2
1394/2/5,66540.6
1394/2/6,66208.9
1394/2/7,65576.8
1394/2/8,65508.2
1394/2/9,65634.1
1394/2/13,65088.3
1394/2/14,64415.8
1394/2/15,64168.1
1394/2/16,64069.1
1394/2/19,63530.2
1394/2/20,62885.9
1394/2/21,63069.8
1394/2/22,63316
1394/2/23,63531.4
1394/2/27,63465.1
1394/2/28,63522.8
1394/2/29,63644.3
1394/2/30,63703.1
1394/3/2,63427.8
1394/3/3,63363.8
1394/3/4,63496.5
1394/3/5,63419.1
1394/3/6,63402.1
1394/3/9,63419.9
1394/3/10,63227.9
1394/3/11,63227
1394/3/12,63289.8
1394/3/16,63297.6
1394/3/17,63187.3
1394/3/18,62952.3
1394/3/19,62317.9
1394/3/20,62322.2
1394/3/23,62571.2
1394/3/24,62653.3
1394/3/25,62442
1394/3/26,62558.9
1394/3/27,63559.7
1394/3/30,63836.2
1394/3/31,63810.7
1394/4/1,64276.5
1394/4/2,64839.5
1394/4/3,64857.6
1394/4/6,64812.2
1394/4/7,64301.4
1394/4/8,64332.9
1394/4/9,64922.6
1394/4/10,64861.8
1394/4/13,65860.8
1394/4/14,65780.1
1394/4/15,66019.9
1394/4/16,66761.4
1394/4/20,66817.8
1394/4/21,67646.4
1394/4/22,69194.5
1394/4/23,69433.5
1394/4/24,68827.7
1394/4/28,68827.7
1394/4/29,68148.4
1394/4/30,68050.7
1394/4/31,67643.9
1394/5/3,67036.3
1394/5/4,66977.4
1394/5/5,66441.4
1394/5/6,66489.5
1394/5/7,66780.7
1394/5/10,66829.7
1394/5/11,66530.5
1394/5/12,66626.7
1394/5/13,66445.7
1394/5/14,66451
1394/5/17,66000.9
1394/5/18,65973.5
1394/5/19,65903.1
1394/5/21,65703.3
1394/5/24,65314.3
1394/5/25,65239.9
1394/5/26,65302.5
1394/5/27,65189.4
1394/5/28,65218.3
1394/5/31,65225
1394/6/1,64881.4
1394/6/2,64651.6
1394/6/3,64197.3
1394/6/4,64206.2
1394/6/7,64451.3
1394/6/8,64467.3
1394/6/9,64225.8
1394/6/10,64251
1394/6/11,64276.2
1394/6/14,64497
1394/6/15,64506.6
1394/6/16,64518.4
1394/6/17,64511.7
1394/6/18,63467.7
1394/6/21,63482.5
1394/6/22,62958.2
1394/6/23,62993
1394/6/24,62536.5
1394/6/25,62264.5
1394/6/28,62254.7
1394/6/29,61553.2
1394/6/30,61328
1394/6/31,61576.8
1394/7/1,61686
1394/7/4,61530.9
1394/7/5,61563
1394/7/6,61568.9
1394/7/7,61578.8
1394/7/8,61498.3
1394/7/11,61217.4
1394/7/12,61163.7
1394/7/13,61233.6
1394/7/14,61209.8
1394/7/15,61389.8
1394/7/18,61396.9
1394/7/19,61287.1
1394/7/20,61296.6
1394/7/21,61434.4
1394/7/22,61973.3
1394/7/25,62799.1
1394/7/26,63071.4
1394/7/27,63126.7
1394/7/28,63142
1394/7/29,63175
1394/8/3,62792.8
1394/8/4,62803.3
1394/8/5,62923
1394/8/6,62923.7
1394/8/9,62948.6
1394/8/10,62942.7
1394/8/11,62855.7
1394/8/12,62811.6
1394/8/13,62927.4
1394/8/16,63000.4
1394/8/17,62999.2
1394/8/18,63035.7
1394/8/19,63044.3
1394/8/20,63056.4
1394/8/23,63070.6
1394/8/24,63083.5
1394/8/25,63108.6
1394/8/26,63013.6
1394/8/27,62871.3
1394/8/30,62889
1394/9/1,62923.9
1394/9/2,62795.7
1394/9/3,62720.9
1394/9/4,62734.6
1394/9/7,62635.4
1394/9/8,62639.1
1394/9/9,62647.7
1394/9/10,62550
1394/9/14,62577.1
1394/9/15,62420.2
1394/9/16,62374.8
1394/9/17,62392.4
1394/9/18,62409.8
1394/9/22,62310.7
1394/9/23,62216.3
1394/9/24,62233.3
1394/9/25,62147.3
1394/9/28,61734
1394/9/29,61501.5
1394/9/30,61518.5
1394/10/1,61414.2
1394/10/2,61420.7
1394/10/5,61436.9
1394/10/6,61455.3
1394/10/7,61469.3
1394/10/9,61691
1394/10/12,61700.1
1394/10/13,61710.2
1394/10/14,61728.1
1394/10/15,62055.9
1394/10/16,62632.8
1394/10/19,62655
1394/10/20,62461
1394/10/21,62788.7
1394/10/22,62841.2
1394/10/23,63516.9
1394/10/26,64860.9
1394/10/27,65424.1
1394/10/28,65119.5
1394/10/29,66118.1
1394/10/30,66562.5
1394/11/3,66960.4
1394/11/4,67740.1
1394/11/5,68857.5
1394/11/6,70999.5
1394/11/7,71011
1394/11/10,71393.9
1394/11/11,71118.8
1394/11/12,72912.8
1394/11/13,73725.5
1394/11/14,73684
1394/11/17,74103.6
1394/11/18,74569.4
1394/11/19,75783.8
1394/11/20,78199.1
1394/11/21,77497.9
1394/11/24,76594.2
1394/11/25,76709.5
1394/11/26,77377.5
1394/11/27,77141.6
1394/11/28,77888
1394/12/1,77560.9
1394/12/2,77234.9
1394/12/3,77587.7
1394/12/4,77704
1394/12/5,77840.2
1394/12/8,78228.3
1394/12/9,77733.8
1394/12/10,77539.2
1394/12/11,77648.8
1394/12/12,77697.8
1394/12/15,78022.2
1394/12/16,78093
1394/12/17,78158.4
1394/12/18,78220
1394/12/19,78312.1
1394/12/22,79366.5
1394/12/24,80236.7
1394/12/25,80037.5
1394/12/26,80219.4
1395/1/7,81200.3
1395/1/8,81261
1395/1/9,80935.7
1395/1/10,80561.3
1395/1/11,81480.4
1395/1/14,81536.9
1395/1/15,80852.7
1395/1/16,80872.1
1395/1/17,80965.8
1395/1/18,80752.7
1395/1/21,80654
1395/1/22,80280.7
1395/1/23,80262.4
1395/1/24,80109.3
1395/1/25,79588.3
1395/1/28,77984.8
1395/1/29,77516.2
1395/1/30,78435.4
1395/1/31,78430.9
1395/2/1,78269
1395/2/4,78281.7
1395/2/5,78448.3
1395/2/6,78688.4
1395/2/7,78394.4
1395/2/8,78404.7
1395/2/11,78414.6
1395/2/12,78384.4
1395/2/13,78285.4
1395/2/14,78044.4
1395/2/15,78033.8
1395/2/18,77423.9
1395/2/19,77045.3
1395/2/20,77106
1395/2/21,76630.4
1395/2/22,75982.6
1395/2/25,76138.6
1395/2/26,75863.2
1395/2/27,75980.5
1395/2/28,76292.9
1395/2/29,76413.3
1395/3/1,76448.3
1395/3/3,76613.9
1395/3/4,76692.8
1395/3/5,76853
1395/3/8,76690.6
1395/3/9,76387
1395/3/10,76431.5
1395/3/11,76144.2
1395/3/12,76084.2
1395/3/16,76160.6
1395/3/17,76128.6
1395/3/18,75874.5
1395/3/19,75876.2
1395/3/22,74850.1
1395/3/23,74817.8
1395/3/24,74700.5
1395/3/25,73959.7
1395/3/26,73877.1
1395/3/29,73906.5
1395/3/30,73027.9
1395/3/31,72615
1395/4/1,72799.2
1395/4/2,73644.8
1395/4/5,73672
1395/4/6,73743.5
1395/4/8,74190.5
1395/4/9,73940.3
1395/4/12,73965.5
1395/4/13,74064
1395/4/14,73947.2
1395/4/15,74049.1
1395/4/19,73716.6
1395/4/20,73764.2
1395/4/21,73816.7
1395/4/22,73736
1395/4/23,73763
1395/4/26,73868
1395/4/27,74194.8
1395/4/28,74196.9
1395/4/29,74313.6
1395/4/30,74514.1
1395/5/2,74934.3
1395/5/3,75183.9
1395/5/4,75466.5
1395/5/5,75501
1395/5/6,76225.7
1395/5/10,76579.7
1395/5/11,76647.4
1395/5/12,77089.8
1395/5/13,77856.5
1395/5/16,78324.9
1395/5/17,78704.6
1395/5/18,78324.9
1395/5/19,78368.4
1395/5/20,78190.5
1395/5/23,78218.8
1395/5/24,78205.1
1395/5/25,77828.8
1395/5/26,77855.5
1395/5/27,77879
1395/5/30,77968.7
1395/5/31,78086.4
1395/6/1,78086.1
1395/6/2,77964
1395/6/3,78081.5
1395/6/6,77757.6
1395/6/7,77313.6
1395/6/8,77345.6
1395/6/9,77358.6
1395/6/10,77167.9
1395/6/13,76747
1395/6/14,76509.4
1395/6/15,76522.2
1395/6/16,76669.6
1395/6/17,76742.2
1395/6/20,76640.3
1395/6/21,76643.9
1395/6/23,76444.2
1395/6/24,76455.4
1395/6/27,76104.9
1395/6/28,76166.7
1395/6/29,76272.6
1395/6/31,76450.9
1395/7/3,76906.9
1395/7/4,77081.5
1395/7/5,77089.8
1395/7/6,77143.1
1395/7/7,77300.3
1395/7/10,77478.8
1395/7/11,77287.6
1395/7/12,77265.3
1395/7/13,77335.3
1395/7/14,77183
1395/7/17,77217
1395/7/18,77435.8
1395/7/19,77655.1
1395/7/24,77886.4
1395/7/25,77569.1
1395/7/26,77707.2
1395/7/27,77849.5
1395/7/28,78091.5
1395/8/1,78387.2
1395/8/2,78370.3
1395/8/3,78568.8
1395/8/4,78761.9
1395/8/5,79299.6
1395/8/8,80340.7
1395/8/9,80339.2
1395/8/10,80263.7
1395/8/11,79659.2
1395/8/12,79670.9
1395/8/15,79253.5
1395/8/16,79137.5
1395/8/17,79632.3
1395/8/18,79871.4
1395/8/19,78411.6
1395/8/22,79010.7
1395/8/23,79048.5
1395/8/24,79341.5
1395/8/25,79236.2
1395/8/26,79268.4
1395/8/29,79278.6
1395/9/1,79319
1395/9/2,79393.8
1395/9/3,79385.6
1395/9/6,79541.4
1395/9/7,79625.9
1395/9/9,80018.6
1395/9/13,80058.8
1395/9/14,80063.7
1395/9/15,80081.2
1395/9/16,80830.5
1395/9/17,81341.6
1395/9/20,81250.5
1395/9/21,80925.9
1395/9/22,80915.5
1395/9/23,80741.2
1395/9/24,80683.6
1395/9/28,80709
1395/9/29,80413.1
1395/9/30,80122.7
1395/10/1,80250
1395/10/4,80161.2
1395/10/5,79898.9
1395/10/6,79966.5
1395/10/7,79800.8
1395/10/8,79691.8
1395/10/11,79486.6
1395/10/12,78896
1395/10/13,78968.9
1395/10/14,78983.7
1395/10/15,78990.3
1395/10/18,78826.5
1395/10/19,78833.4
1395/10/20,78609.5
1395/10/22,78622
1395/10/25,78876.2
1395/10/26,79073.2
1395/10/27,79084.2
1395/10/28,79280.4
1395/10/29,79382.2
1395/11/2,79206.6
1395/11/3,79218
1395/11/4,79263.5
1395/11/5,78249.1
1395/11/6,78049
1395/11/9,77714.1
1395/11/10,77707.3
1395/11/11,77961.4
1395/11/12,77975.4
1395/11/13,77414.9
1395/11/16,76825.7
1395/11/17,76616
1395/11/18,76678.7
1395/11/19,76766
1395/11/20,76792.8
1395/11/23,76816.8
1395/11/24,76827.7
1395/11/25,76975.5
1395/11/26,77000.2
1395/11/27,77189.7
1395/11/30,77599.1
1395/12/1,77658.6
1395/12/2,77698.2
1395/12/3,77800.2
1395/12/4,77847.2
1395/12/7,77863.5
1395/12/8,77574.7
1395/12/9,77590.7
1395/12/10,77602.3
1395/12/11,77475.2
1395/12/14,77135.1
1395/12/15,76766.9
1395/12/16,76789.7
1395/12/17,76800.4
1395/12/18,76285.5
1395/12/21,76315.6
1395/12/22,76329
1395/12/23,76332
1395/12/24,76639
1395/12/25,76737.9
1395/12/28,77230
1396/1/5,77485.8
1396/1/6,77502.9
1396/1/7,77523.3
1396/1/8,77548.5
1396/1/9,77584.4
1396/1/14,77616.8
1396/1/15,77647.1
1396/1/16,77689.9
1396/1/19,77804.7
1396/1/20,77860.4
1396/1/21,78107.8
1396/1/23,78132.4
1396/1/26,78383.3
1396/1/27,78471.7
1396/1/28,78247.5
1396/1/29,78339.8
1396/1/30,78651.4
1396/2/2,79302.7
1396/2/3,79390.6
1396/2/4,79425.9
1396/2/6,79596.9
1396/2/9,79755.6
1396/2/10,79785
1396/2/11,79826.6
1396/2/12,79942.1
1396/2/13,79969.2
1396/2/16,79697.4
1396/2/17,79660.9
1396/2/18,79744.1
1396/2/19,79858.8
1396/2/20,80127.1
1396/2/23,80142
1396/2/24,79963
1396/2/25,79957.5
1396/2/26,80129.3
1396/2/27,80344.2
1396/2/30,81077.6
1396/2/31,81194
1396/3/1,81124.4
1396/3/2,81124.4
1396/3/3,81146.2
1396/3/6,80921.2
1396/3/7,80713.2
1396/3/8,80607.9
1396/3/9,80511.5
1396/3/10,80513.3
1396/3/13,80288.9
1396/3/16,80293.5
1396/3/17,79758.5
1396/3/20,79855.7
1396/3/21,79870.7
1396/3/22,79564.1
1396/3/23,79426.9
1396/3/24,79465.7
1396/3/27,79285
1396/3/28,78990.4
1396/3/29,78859.2
1396/3/30,78867.5
1396/3/31,78736.2
1396/4/3,78652.7
1396/4/4,78665.5
1396/4/7,78704.5
1396/4/10,78799.7
1396/4/11,78765.3
1396/4/12,78659.2
1396/4/13,78632.5
1396/4/14,78700.2
1396/4/17,78881.6
1396/4/18,78985.4
1396/4/19,79377
1396/4/20,79490.4
1396/4/21,79509.6
1396/4/24,79658.9
1396/4/25,79620.8
1396/4/26,79692.9
1396/4/27,79735.7
1396/4/28,80162.5
1396/4/31,80670.8
1396/5/1,80863
1396/5/2,80933.9
1396/5/3,81181.7
1396/5/4,81509.3
1396/5/7,81420.9
1396/5/8,81491.4
1396/5/9,81533.5
1396/5/10,81415.9
1396/5/11,81265.9
1396/5/15,81384.1
1396/5/16,81285.7
1396/5/17,81313.9
1396/5/18,81579.3
1396/5/21,81763.1
1396/5/22,81661.5
1396/5/23,81659.3
1396/5/24,81696.3
1396/5/25,81741.9
1396/5/28,81954.9
1396/5/29,82016.2
1396/5/30,82075
1396/5/31,82372.4
1396/6/1,82541.8
1396/6/4,82897.1
1396/6/5,82885
1396/6/6,83012.1
1396/6/7,83252
1396/6/8,83272.9
1396/6/11,83428.2
1396/6/12,83345.2
1396/6/13,83452.1
1396/6/14,83733.5
1396/6/15,83675.3
1396/6/19,83255.7
1396/6/20,83369.1
1396/6/21,83469.2
1396/6/22,83523.8
1396/6/25,83683.2
1396/6/26,83916.6
1396/6/27,84414.5
1396/6/28,85343.9
1396/6/29,85831.8
1396/7/1,85798.4
1396/7/2,85588.8
1396/7/3,85516.9
1396/7/4,85628.8
1396/7/5,85819
1396/7/10,85514.9
1396/7/11,85355
1396/7/12,85429.5
1396/7/15,85069.5
1396/7/16,84564.9
1396/7/17,84611.6
1396/7/18,84734.4
1396/7/19,84744.1
1396/7/22,85263.6
1396/7/23,85394.9
1396/7/24,85590.7
1396/7/25,85660
1396/7/26,85768
1396/7/29,86430.5
1396/7/30,86480.2
1396/8/1,86346.2
1396/8/2,86529.2
1396/8/3,86636.8
1396/8/6,86935.4
1396/8/7,87416.6
1396/8/8,87477.2
1396/8/9,87649.9
1396/8/10,87844.9
1396/8/13,87868.6
1396/8/14,87905.1
1396/8/15,87843.7
1396/8/16,87883.1
1396/8/17,87897.4
1396/8/20,87795.2
1396/8/21,87744.7
1396/8/22,87832.5
1396/8/23,87949.8
1396/8/24,88005.9
1396/8/27,88202.3
1396/8/29,88261.2
1396/8/30,88774.6
1396/9/1,89339.1
1396/9/4,90469.5
1396/9/5,90655.5
1396/9/7,91255.2
1396/9/8,91152.2
1396/9/11,91296.7
1396/9/12,90951.8
1396/9/13,90936.6
1396/9/14,91092.2
1396/9/18,91160.3
1396/9/19,91198.9
1396/9/20,91552.4
1396/9/21,92628.9
1396/9/22,93283.7
1396/9/23,93283.6
1396/9/24,93283.6
1396/9/25,94606.4
1396/9/26,95600.7
1396/9/27,95477.4
1396/9/28,95590.6
1396/9/29,95508.6
1396/10/2,96816
1396/10/3,97529.3
1396/10/4,98358.4
1396/10/5,98152.7
1396/10/6,97899.1
1396/10/9,97211.4
1396/10/10,95561.5
1396/10/11,96207.9
1396/10/12,96241.2
1396/10/13,95929.4
1396/10/16,96270.3
1396/10/17,96234.5
1396/10/18,96332.5
1396/10/19,96149.2
1396/10/20,96185.9
1396/10/23,96627.5
1396/10/24,97228.6
1396/10/25,97944
1396/10/26,98596.9
1396/10/27,98923.5
1396/10/30,98817.2
1396/11/1,98221
1396/11/2,98628.4
1396/11/3,99224.7
1396/11/4,99522.1
1396/11/7,99355.5
1396/11/8,99414.5
1396/11/9,99046.1
1396/11/10,98557.8
1396/11/11,98133.5
1396/11/14,97718.8
1396/11/15,97808.1
1396/11/16,98033.5
1396/11/17,97927.5
1396/11/18,98299.7
1396/11/21,97782.7
1396/11/23,97924.7
1396/11/24,98103.3
1396/11/25,98347.9
1396/11/28,98429.6
1396/11/29,98311.6
1396/11/30,98148.5
1396/12/2,98157.3
1396/12/5,98176.9
1396/12/6,98080.2
1396/12/7,98098.5
1396/12/8,98100.8
1396/12/9,97961.7
1396/12/12,97388.7
1396/12/13,97354.3
1396/12/14,97182.6
1396/12/15,96991
1396/12/16,96860.3
1396/12/19,96594.5
1396/12/20,96028.4
1396/12/21,96194.4
1396/12/22,96314.1
1396/12/23,95525.9
1396/12/26,95577.3
1396/12/27,95819.6
1396/12/28,96289.9
1397/1/5,96425.9
1397/1/6,96489.7
1397/1/7,96596.6
1397/1/8,96938.8
1397/1/14,97086.1
1397/1/15,97150.5
1397/1/18,96779.8
1397/1/19,96341.2
1397/1/20,97120.7
1397/1/21,96748
1397/1/22,96287
1397/1/26,95987.5
1397/1/27,95506.2
1397/1/28,95522.7
1397/1/29,95523.8
1397/2/1,95265.8
1397/2/2,94494.2
1397/2/3,94299.5
1397/2/4,94576.3
1397/2/5,94796.1
1397/2/8,94284.4
1397/2/9,93805.5
1397/2/10,93586.9
1397/2/11,93612.1
1397/2/15,93100.6
1397/2/16,92849.9
1397/2/17,93165.9
1397/2/18,93605.8
1397/2/19,93691.1
1397/2/22,93891.1
1397/2/23,94165.8
1397/2/24,94703.4
1397/2/25,94905.9
1397/2/26,94940.2
1397/2/29,95103.1
1397/2/30,95136.4
1397/2/31,95227.4
1397/3/1,95229.9
1397/3/2,95445
1397/3/5,95794
1397/3/6,95626
1397/3/7,95529.6
1397/3/8,95409.6
1397/3/9,95577.6
1397/3/12,95951.9
1397/3/13,95998.8
1397/3/19,96077.1
1397/3/20,95915.9
1397/3/21,95847.4
1397/3/22,96378.7
1397/3/23,99146.2
1397/3/27,102452.4
1397/3/28,104533.5
1397/3/29,106504.1
1397/3/30,108872.9
1397/4/2,109401.4
1397/4/3,112061.3
1397/4/4,115174.5
1397/4/5,113527.7
1397/4/6,111324.8
1397/4/9,111528.2
1397/4/10,108694.1
1397/4/11,109937.1
1397/4/12,112346.5
1397/4/13,112490
1397/4/16,111051.6
1397/4/17,110851.4
1397/4/19,110849
1397/4/20,109505.1
1397/4/23,108916.6
1397/4/24,108072.3
1397/4/25,108110
1397/4/26,107780.6
1397/4/27,107776.6
1397/4/30,108295.5
1397/4/31,108830.8
1397/5/1,108658.9
1397/5/2,108395.9
1397/5/3,108800.1
1397/5/4,108800.1
1397/5/5,108800.1
1397/5/6,111877.9
1397/5/7,113852.3
1397/5/8,116759.5
1397/5/9,121173.5
1397/5/10,123951.3
1397/5/13,124353.7